{
    "0": -10.235550612211227,
    "1": -9.860140189528465
}
